"Company","State","Phone"
"Wells Aircraft, Inc","Kansas","(620) 663-1546"
"Clemens Aviation, LLC","Kansas","(316) 636-9700"
"Airshare","Kansas","(877) 372-5136"
"KCAC Aviation","Kansas","(913) 782-0530"
"Silverhawk Aviation","Kansas","(531) 333-4040"
"Kansas Air Center","Kansas","(785) 776-1991"
"GOD'S COUNTRY AVIATION LLC","Alaska","(907) 545-7538"
"FULL CURL AVIATION LLC","Alaska","(907) 373-0696"
"GRASSHOPPER AVIATION LLC","Alaska","(505) 983-8604"
"GQ Aviation, Inc.","Alaska","(907) 694-4845"
"FLY 4 YOU INC","Alaska","(907) 248-2677"
"ELLISON AIR INC","Alaska","(907) 243-1959"
"Desert Air Transport, Inc.","Alaska","(907) 733-3742"
"KANTISHNA AIR TAXI INC","Alaska","(907) 276-5422"
"K Bay Air LLC","Alaska","(907) 733-3742"
"KAVAN AIR LLC","Alaska","(320) 522-0997"
"KATMAI AIR, LLC","Alaska","(907) 733-3742"
"Island Wings Air Service LLC","Alaska","(907) 225-2444"
"HELI ALASKA INC","Alaska","(907) 952-4354"
"Craig Air, Inc.","Alaska","(907) 746-2578"
"Air Excursions, LLC","Alaska","(907) 789-3331"
"Aurora Aviation Services, Inc.","Alaska","(907) 895-1850"
"Alaskan Outback Aviation Inc","Alaska","(907) 315-2022"
"4 W Air, LLC","Alaska","(907) 469-0654"
"ALPINE AIR ALASKA LLC","Alaska","(907) 783-2360"
"ALASKA SKYWAYS INC","Alaska","(907) 276-5422"
"Coastal Air, LLC","Alaska","(907) 733-3742"
"COUPCHIAK AVIATION INC","Alaska","(907) 733-3742"
"Copper River Air Taxi, LLC","Alaska","(907) 424-5371"
"Coldfoot Air, LLC","Alaska","(907) 733-3742"
"Bering Air, Inc.","Alaska","(907) 443-5464"
"BAL, INC.","Alaska","(907) 495-6370"
"BACKCOUNTRY AIR LLC","Alaska","(907) 733-3742"
"Beluga Air, LLC","Alaska","(907) 235-8256"
"BIRCHWOOD AIRCRAFT SERVICES LLC","Alaska","(907) 563-9147"
"Summit Aviation LLC","Arkansas","(479) 254-0817"
"GARRISON AIR LLC","Arkansas","(903) 472-8362"
"McNeely Charter Service, Inc.","Arkansas","(800) 722-8625"
"USAC AIRWAYS 695 LLC","Delaware","(631) 220-0796"
"USAC Airways 691, LLC","Delaware","(732) 927-4336"
"Whirlwind Aviation, Inc.","Delaware","(301) 898-2600"
"Peregrine Air Charters, LLC","Delaware","(512) 828-2399"
"26 NORTH AVIATION INC","Delaware","(610) 266-1695"
"Leading Edge Aviation, Inc.","Delaware","(215) 340-0707"
"OCEAN AVIATION INC","Delaware","(561) 745-3134"
"SALMON RIVER HELICOPTERS INC","Idaho","(208) 628-3133"
"McCall Aviation, Inc.","Idaho","(208) 634-7137"
"Western Aircraft, Inc.","Idaho","(800) 333-3442"
"SP Air Corporation","Idaho","(817) 379-6957"
"LONGHORN AVIATION, LLC","Idaho","(706) 539-1792"
"Conyan Aviation, Inc.","Idaho","(208) 342-1042"
"Arnold Aviation and Thunder Mountain Express, Inc.","Idaho","(208) 382-4844"
"G and S Aviation","Idaho","(208) 720-9795"
"Eagle Helicopters, Inc.","Idaho","(530) 527-5059"
"TOM WOOD AVIATION INC","Indiana","(888) 587-9146"
"Solutions Air Charter, LLC","Indiana","(317) 769-2538"
"MILLER AVIATION, LLC","Indiana","(260) 726-4901"
"Midland Aircraft Sales and Services, Inc.","Iowa","(641) 752-0012"
"IOWA COPTERS LLC","Iowa","(800) 474-1339"
"Carroll Aviation, Inc.","Iowa","(712) 792-4980"
"Kentucky Airmotive Inc.","Kentucky","(859) 498-1000"
"SOUTHERN HELICOPTERS INC","Louisiana","(225) 642-0075"
"SOUTHERN SEAPLANE, INC.","Louisiana","(504) 394-5633"
"AVIATION SPECIALISTS INC","Louisiana","(225) 647-4568"
"ACADIAN WEST AIR CHARTERS INC","Louisiana","(337) 291-3333"
"JACKS AIR SERVICE INC","Maine","(850) 837-6135"
"SILVER RANCH AIRPARK INC","Maine","(603) 532-8870"
"Wiggins Airways, Inc.","Maine","(407) 648-7200"
"AIR NEW ENGLAND, LLC.","Maine","(954) 247-8222"
"CURRIERS FLYING SERVICE INC","Maine","(202) 783-9000"
"Cobalt Air, LLC","Maine","(877) 745-2887"
"Lake Ozark Helicopters, Inc.","Missouri","(573) 302-0022"
"Helicopters Inc.","Missouri","(530) 527-5059"
"Aviation Enterprises, Inc.","Missouri","(417) 831-4261"
"Corporate Aircraft Management Inc.","Missouri","(636) 532-1918"
"RB Aviation, LLC","Montana","(406) 755-1705"
"Skyline Aviation LLC","Montana","(406) 538-8150"
"Richland Aviation, Inc.","Montana","(800) 905-4342"
"RIDGELINE AVIATION INC","Montana","(800) 905-4342"
"NORTHERN WINGS AVIATION, LLC","Montana","(406) 570-5039"
"Carisch Helicopters Inc","Montana","(850) 830-7467"
"CHOICE AVIATION, LLC","Montana","(406) 363-6471"
"AV8-ORR-HELICOPTER SERVICES, INC.","Montana","(406) 375-7509"
"Montana Aircraft, Inc.","Montana","(406) 581-3278"
"LonAire Flying Service Inc","Montana","(406) 232-1354"
"Trego/Dugan Aviation, Inc.","Nebraska","(308) 532-5870"
"PILGRIM AIR TRANS LLC","New Hampshire","(386) 226-6595"
"Shoreline Aviation Inc","New Hampshire","(781) 834-4928"
"Hyannis Air Service Inc.","New Hampshire","(844) 399-8998"
"AirDialog, LLC","New Hampshire","(978) 451-0586"
"HTX HELICOPTERS LLC","New Hampshire","(401) 859-1001"
"South Aero, Inc.","New Mexico","(505) 842-4337"
"CSI Aviation Inc","New Mexico","(505) 761-9000"
"Blue Sky Enterprises LLC","New Mexico","(970) 222-8585"
"PARATUS AIR INC","Ohio","(914) 359-4354"
"Rite Flite Aviation Ltd","Ohio","(216) 267-8656"
"Lane Aviation Corporation","Ohio","(614) 237-3747"
"K & D AVIATION LLC","Oklahoma","(918) 636-1808"
"ON EAGLES WINGS I LLC","Oregon","(800) 280-0780"
"JERRY TRIMBLE HELICOPTERS INC","Oregon","(503) 577-6371"
"SkyRoads Aviation","Oregon","(720) 399-0979"
"BEND AIR TAXI LLC","Oregon","(541) 382-9223"
"Venture Aviation Group, LLC","South Carolina","(864) 370-2962"
"UNIVERSAL FLIGHT SERVICES INC","South Carolina","(601) 932-0917"
"HELICOPTER SOLUTIONS INC","South Carolina","(800) 359-4386"
"Paradigm Jet Management, Inc.","South Dakota","(231) 798-3371"
"BADGER HELICOPTERS INC","South Dakota","(605) 673-2163"
"HANGAR 9 INC","South Dakota","(781) 834-4928"
"RJH, LLC","Tennessee","(717) 545-4747"
"Sky Night LLC","Tennessee","(844) 324-2965"
"XP Services Inc.","Tennessee","(931) 392-4444"
"HARMONY AIR LLC","Tennessee","(615) 350-8550"
"Hangar 10, Inc.","Tennessee","(865) 908-0171"
"MID SOUTH JETS INC","Tennessee","(877) 988-6868"
"Cortez Flying Service, Inc.","Utah","(954) 668-0481"
"UHI Inc","Utah","(405) 264-3254"
"Snowshoe Air, LLC","Utah","(800) 359-7861"
"Aero-Copters of Arizona, Inc.","Utah","(435) 679-8812"
"Arrow West Aviation","Utah","(844) 217-0978"
"Alpine Aviation, Inc.","Utah","(801) 373-1508"
"STEIN'S AIRCRAFT SERVICES LLC","Wisconsin","(262) 544-2031"
"WEST BEND AIR INC","Wisconsin","(262) 334-5603"
"CHEMAIR HELICOPTERS,INC.","Wisconsin","(920) 675-0244"
